{
    "accuracy": 0.9938271604938271,
    "classification_report": {
        "0": {
            "precision": 0.9736842105263158,
            "recall": 1.0,
            "f1-score": 0.9866666666666666,
            "support": 37.0
        },
        "1": {
            "precision": 1.0,
            "recall": 0.9791666666666666,
            "f1-score": 0.9894736842105264,
            "support": 48.0
        },
        "2": {
            "precision": 1.0,
            "recall": 1.0,
            "f1-score": 1.0,
            "support": 41.0
        },
        "3": {
            "precision": 1.0,
            "recall": 1.0,
            "f1-score": 1.0,
            "support": 36.0
        },
        "accuracy": 0.9938271604938271,
        "macro avg": {
            "precision": 0.993421052631579,
            "recall": 0.9947916666666666,
            "f1-score": 0.9940350877192983,
            "support": 162.0
        },
        "weighted avg": {
            "precision": 0.9939896036387266,
            "recall": 0.9938271604938271,
            "f1-score": 0.9938358241282219,
            "support": 162.0
        }
    },
    "best_model_parameters": {
        "C": 1,
        "kernel": "rbf"
    },
    "predictions": [0, 0, 1, 2, 2, 2, 2, 2, 2, 3, 3, 3, 3, 3],
    "true_labels": [0, 0, 1, 2, 2, 2, 2, 2, 2, 3, 3, 3, 3, 3],
    "test_accuracy": 1.0,
    "test_classification_report": {
        "0": {
            "precision": 1.0,
            "recall": 1.0,
            "f1-score": 1.0,
            "support": 37.0
        },
        "1": {
            "precision": 1.0,
            "recall": 1.0,
            "f1-score": 1.0,
            "support": 48.0
        },
        "2": {
            "precision": 1.0,
            "recall": 1.0,
            "f1-score": 1.0,
            "support": 41.0
        },
        "3": {
            "precision": 1.0,
            "recall": 1.0,
            "f1-score": 1.0,
            "support": 36.0
        },
        "accuracy": 1.0,
        "macro avg": {
            "precision": 1.0,
            "recall": 1.0,
            "f1-score": 1.0,
            "support": 162.0
        },
        "weighted avg": {
            "precision": 1.0,
            "recall": 1.0,
            "f1-score": 1.0,
            "support": 162.0
        }
    }
}